Title,Complexity,Domain,Keywords,Description
Voice-Controlled Desktop Assistant,Medium,Software Development,"Python, Speech Recognition, Natural Language Processing, Task Automation","Build a desktop assistant that responds to voice commands to perform tasks like opening applications, searching the web, and managing files."
Cross-Platform Mobile Note App,Medium,Mobile Development,"React Native, Firebase, State Management, Offline Synchronization",Create a note-taking application that works across iOS and Android with cloud synchronization and offline capabilities.
Custom Linux Distro,Hard,Systems Programming,"Shell Scripting, Linux Kernel, Package Management, System Configuration","Build a customized Linux distribution focused on a specific use case such as security, minimal footprint, or creative work."
Browser Extension for Productivity,Easy,Web Development,"JavaScript, DOM Manipulation, Browser API, User Settings","Develop a browser extension that enhances productivity with features like website blocking, reading mode, and custom shortcuts."
Python Web Scraper Dashboard,Medium,Data Engineering,"Python, BeautifulSoup, Data Visualization, API Integration",Create a web scraping system that collects data from multiple sources and presents it in a unified dashboard with visualization tools.
Algorithmic Stock Trading System,Hard,Financial Technology,"Python, API Integration, Statistical Analysis, Automated Trading",Develop a system that analyzes stock market data and executes trades based on predefined algorithms and technical indicators.
Interactive Data Structure Visualizer,Medium,Educational Technology,"JavaScript, D3.js, Algorithms, Educational Tools",Build an interactive tool that visualizes common data structures and algorithms in action with step-by-step explanations.
Containerized Microservices Project,Hard,Cloud Computing,"Docker, Kubernetes, API Gateway, Service Mesh",Create a small application decomposed into microservices using container technology with proper orchestration and communication.
Rust-based Command Line Toolkit,Medium,Systems Programming,"Rust, CLI Development, File Manipulation, Performance Optimization",Develop a suite of command-line tools in Rust that provide enhanced alternatives to common Unix utilities with better performance.
Python Text Adventure Game Engine,Medium,Game Development,"Python, Object-Oriented Design, Parser Logic, Game State Management",Create an engine for building interactive fiction and text adventure games with a flexible command parser and state management.
AR Business Card Scanner,Medium,Augmented Reality,"JavaScript, AR.js, OCR, Contact Management",Build an augmented reality application that scans business cards and automatically extracts contact information with visual overlays.
DIY Home Assistant Hub,Medium,IoT,"Python, MQTT, Device Integration, Voice Control",Create a central hub for home automation that integrates various IoT devices and provides a unified interface for control and automation.
Mobile Fitness Coach App,Medium,Mobile Development,"Kotlin, Sensor Integration, Machine Learning, Exercise Recognition","Develop a mobile application that uses device sensors to track exercises, provide real-time feedback, and create personalized workout plans."
2D Physics Game Engine,Hard,Game Development,"C++, Physics Simulation, Collision Detection, Game Mathematics","Build a physics engine for 2D games that simulates realistic movement, collisions, and interactions between game objects."
Self-Hosted Cloud Storage Solution,Medium,Web Development,"JavaScript, Node.js, File Management, Authentication","Create a personal cloud storage application with file encryption, sharing capabilities, and a web-based management interface."
Cryptocurrency Price Alert System,Medium,Financial Technology,"Python, API Integration, Notifications, Market Analysis",Build a system that monitors cryptocurrency prices and sends alerts based on user-defined conditions and technical indicators.
Automated Code Review Tool,Hard,DevOps,"Python, Static Analysis, Code Quality, CI/CD Integration","Develop a tool that automatically analyzes code repositories for common issues, security vulnerabilities, and style violations."
WebAssembly Image Processing Tool,Hard,Web Development,"Rust, WebAssembly, Canvas API, Image Manipulation",Create a browser-based image processing application that uses WebAssembly for high-performance operations like filters and transformations.
Terminal-based Code Editor,Medium,Development Tools,"C++, Text Rendering, File I/O, Syntax Highlighting",Build a lightweight text editor for coding that runs in the terminal with features like syntax highlighting and basic IDE capabilities.
Distributed Web Crawler,Hard,Distributed Systems,"Go, Worker Queues, Database, Horizontal Scaling",Develop a distributed web crawler that can efficiently index websites using multiple worker nodes and a central coordination system.
JavaScript Game Framework,Medium,Game Development,"JavaScript, Canvas API, Game Loop, Entity Component System","Create a framework for building 2D games in JavaScript with a modular design, asset management, and game state handling."
SQL Query Builder and Visualizer,Medium,Database Tools,"TypeScript, SQL Parsing, Graph Visualization, Database Connections",Build a tool that helps users construct SQL queries with a visual interface and displays query execution plans and results.
Local Language Processing Pipeline,Hard,Natural Language Processing,"Python, NLTK, SpaCy, Custom Models","Develop a customizable natural language processing pipeline for tasks like entity recognition, sentiment analysis, and text classification."
WebRTC Video Conferencing App,Hard,Web Development,"JavaScript, WebRTC, Socket.io, Media Streaming","Create a peer-to-peer video conferencing application with features like screen sharing, text chat, and room management."
Cross-platform Desktop Database GUI,Medium,Database Tools,"Electron, SQL, Data Visualization, CRUD Operations",Build a graphical interface for database management that supports multiple database types with visualization and query building tools.
GraphQL API Gateway,Medium,Web Development,"Node.js, GraphQL, API Integration, Authentication","Create a GraphQL gateway that integrates multiple REST APIs and provides a unified, strongly-typed interface for client applications."
Assembly Language Emulator,Hard,Systems Programming,"C++, Instruction Set Architecture, Memory Management, CPU Simulation",Develop an emulator for a simple instruction set architecture that can run and debug assembly language programs with visualization of CPU state.
Interactive Code Learning Platform,Hard,Educational Technology,"JavaScript, Monaco Editor, Exercise Validation, Learning Paths",Build a platform for learning programming through interactive exercises with automatic validation and guided learning paths.
Embedded System Monitor Dashboard,Medium,IoT,"JavaScript, WebSockets, Data Visualization, Device Monitoring",Create a web-based dashboard for monitoring embedded systems in real-time with visualization of sensor data and system metrics.
Peer-to-Peer Chat Application,Medium,Networking,"JavaScript, WebRTC, Encryption, Distributed Systems",Develop a chat application that works without a central server using peer-to-peer connections with end-to-end encryption.
Machine Learning Model Deployment Platform,Hard,Machine Learning,"Python, Docker, API Development, Model Versioning","Build a platform that simplifies deploying and serving machine learning models with versioning, monitoring, and API management."
DIY Network-Attached Storage,Medium,Systems Administration,"Linux, File Systems, Network Services, RAID Configuration","Create a custom network storage solution using single-board computers with file sharing, backup capabilities, and remote access."
Open Source Project Analyzer,Medium,Development Tools,"Python, Git API, Data Analysis, Contribution Metrics","Develop a tool that analyzes open source projects for contribution patterns, code health, and community engagement metrics."
Serverless Web Application,Medium,Cloud Computing,"JavaScript, AWS Lambda, DynamoDB, API Gateway","Build a fully serverless web application using cloud functions, managed databases, and API gateways without traditional servers."
Desktop Screen Recording Tool,Medium,Multimedia,"Python, FFmpeg, GUI Development, Video Encoding","Create a screen recording application with features like area selection, webcam overlay, and basic video editing capabilities."
OAuth2 Authorization Server,Hard,Security,"Java, Spring Security, JWT, Authentication Flows",Develop a standards-compliant OAuth2 authorization server for secure API access with support for multiple grant types and token management.
Interactive Resume Website Builder,Medium,Web Development,"JavaScript, React, Template System, PDF Export",Build a tool that helps users create interactive resume websites with customizable templates and export capabilities.
Low-Level Graphics Library,Hard,Computer Graphics,"C++, OpenGL, Rendering Pipeline, Shader Programming",Create a graphics library that abstracts low-level GPU operations for easier development of 2D and 3D applications.
Software License Management System,Medium,Enterprise Software,"Java, License Validation, Cryptography, User Management","Develop a system for managing software licenses, including generation, validation, and usage tracking for proprietary applications."
Real-time Collaborative Text Editor,Hard,Web Development,"JavaScript, Operational Transformation, WebSockets, Conflict Resolution",Build a text editor that allows multiple users to edit documents simultaneously with conflict resolution and change tracking.
Custom API Gateway,Hard,Networking,"Go, Routing, Rate Limiting, Authentication","Create an API gateway that handles routing, rate limiting, authentication, and logging for microservice architectures."
JavaScript Testing Framework,Medium,Development Tools,"JavaScript, Test Runners, Assertion Library, Mocking",Develop a lightweight testing framework for JavaScript applications with support for asynchronous testing and test coverage reporting.
Database Migration Tool,Medium,Database Tools,"Python, Schema Comparison, SQL Generation, Version Control",Build a tool that helps manage database schema changes across environments with version control and automated migration scripts.
Progressive Web App Builder,Medium,Web Development,"JavaScript, Service Workers, PWA Features, Build System","Create a framework for building progressive web applications with offline support, push notifications, and app-like experiences."
Command-line Task Management System,Easy,Productivity Tools,"Python, Data Persistence, CLI Interface, Priority Queuing","Develop a command-line application for managing tasks and projects with features like priorities, due dates, and progress tracking."
Embedded System Debugger,Hard,Embedded Systems,"C++, Serial Communication, Memory Inspection, Breakpoints",Build a debugging tool for embedded systems that allows for real-time inspection and modification of memory and program flow.
RISC-V CPU Implementation in FPGA,Hard,Computer Architecture,"Verilog, RISC-V ISA, Pipelining, Digital Logic",Implement a RISC-V CPU core on an FPGA with a pipelined architecture and basic instruction set support.
Git Workflow Visualization Tool,Medium,Development Tools,"JavaScript, D3.js, Git API, Commit Analysis","Create a tool that visualizes Git workflows, branching strategies, and commit histories with interactive exploration features."
Custom DNS Server with Ad Blocking,Medium,Networking,"Python, DNS Protocol, Domain Filtering, Caching","Build a DNS server with built-in ad blocking capabilities, custom domain filtering, and performance optimization through caching."
Kubernetes Cluster Monitoring Tool,Hard,DevOps,"Go, Prometheus, Kubernetes API, Real-time Metrics","Develop a monitoring solution for Kubernetes clusters with real-time visualization of resource usage, pod status, and health metrics."
Reverse Engineering Toolkit,Hard,Security,"Python, Assembly Analysis, Binary Parsing, Decompilation","Create a suite of tools for reverse engineering binary files with features like disassembly, control flow analysis, and function identification."
Cross-platform GUI Calculator,Easy,Desktop Development,"Java, JavaFX, Expression Parsing, Scientific Functions","Build a calculator application with scientific functions, history tracking, and a modern user interface across multiple platforms."
WebGL 3D Model Viewer,Hard,Web Development,"JavaScript, WebGL, 3D Rendering, Model Loading","Develop a web-based 3D model viewer that supports various file formats with features like texturing, lighting, and model manipulation."
IoT Device Management Platform,Hard,IoT,"Node.js, MQTT, Device Registry, OTA Updates","Create a platform for managing IoT devices including provisioning, monitoring, and over-the-air firmware updates."
Custom Vector Graphics Editor,Hard,Graphics Software,"JavaScript, SVG, Canvas, User Interface Design","Build a browser-based vector graphics editor with tools for creating and manipulating SVG shapes, paths, and text elements."
BitTorrent Client Implementation,Hard,Networking,"Python, P2P Protocol, File Sharing, Bandwidth Management",Develop a BitTorrent client that implements the protocol for peer-to-peer file sharing with bandwidth management and download prioritization.
Static Site Generator,Medium,Web Development,"JavaScript, Markdown Processing, Template Engine, Build System",Create a tool that generates static websites from markdown content and templates with features like syntax highlighting and asset optimization.
Natural Language Shell Interface,Hard,Natural Language Processing,"Python, Command Parsing, Context Awareness, Shell Integration",Build a natural language interface for operating system commands that translates plain English requests into shell commands.
Browser-based IDE,Hard,Development Tools,"JavaScript, Monaco Editor, File System API, Language Services","Develop a browser-based integrated development environment with code editing, project management, and execution capabilities."
Custom Regular Expression Engine,Hard,Programming Languages,"C++, Parser Combinators, Automata Theory, Pattern Matching",Implement a regular expression engine from scratch with support for common regex features and efficient matching algorithms.
Distributed File System,Hard,Distributed Systems,"Go, Consensus Algorithms, Data Replication, Failure Handling",Build a distributed file system that replicates data across multiple nodes with consistency guarantees and fault tolerance.
Music Visualizer Application,Medium,Multimedia,"Python, Audio Processing, OpenGL, Real-time Rendering",Create an application that generates real-time visualizations based on music input with various visual styles and effects.
Lossless Image Compression Algorithm,Hard,Data Compression,"C++, Information Theory, Transform Coding, Entropy Encoding",Develop a lossless image compression algorithm that achieves competitive compression ratios with efficient encoding and decoding.
Modular Synthesizer Software,Hard,Audio Engineering,"C++, Audio DSP, Plugin Architecture, Real-time Processing","Build a modular synthesizer application with customizable signal flow, various sound generators, and effect processors."
Deep Learning Model Visualization Tool,Hard,Machine Learning,"Python, TensorFlow, D3.js, Network Visualization",Create a tool for visualizing the internal structure and activations of deep neural networks to aid in understanding and debugging.
Distributed Task Queue System,Hard,Distributed Systems,"Python, Message Brokers, Task Scheduling, Worker Management",Develop a system for distributing and executing tasks across multiple worker processes with priority queuing and failure handling.
Hardware Monitoring Dashboard,Medium,System Utilities,"C++, Hardware Sensors, Real-time Metrics, GUI Development","Build an application that monitors and displays computer hardware metrics like CPU usage, temperatures, and memory utilization."
Browser-based Email Client,Medium,Web Development,"JavaScript, Email Protocols, Offline Storage, UI Design",Create a web-based email client that supports standard email protocols with features like offline access and conversation threading.
Multi-format Document Converter,Medium,Document Processing,"Python, Parsing Libraries, Format Standards, Template System","Develop a tool that converts between different document formats like Markdown, HTML, PDF, and office documents with fidelity."
Virtual Network Simulator,Hard,Networking,"C++, Network Protocols, Packet Simulation, Topology Visualization","Build a simulator for virtual networks that can model different topologies, protocols, and traffic patterns for educational purposes."
MQTT-based Home Automation Controller,Medium,IoT,"Python, MQTT, Rule Engine, Device Integration",Create a home automation controller that uses MQTT for communication with various smart devices and a rule engine for automation.
Real-time Multiplayer Card Game,Hard,Game Development,"JavaScript, WebSockets, Game State Management, UI Framework","Develop an online multiplayer card game with real-time interactions, game state synchronization, and matchmaking capabilities."
Git Version Control System Clone,Hard,Development Tools,"C, Data Structures, Cryptographic Hashing, File System Operations",Implement a simplified version of the Git version control system with basic commands and the core content-addressable storage model.
Network Protocol Analyzer,Hard,Networking,"C++, Packet Capturing, Protocol Parsing, Data Visualization",Build a tool for capturing and analyzing network traffic with protocol-specific parsing and visualization of communication patterns.
JavaScript Bundler and Optimizer,Hard,Development Tools,"JavaScript, AST Manipulation, Dependency Resolution, Code Transformation","Create a bundler for JavaScript applications that resolves dependencies, optimizes code, and produces efficient production bundles."
Geospatial Data Visualization Tool,Medium,Data Visualization,"JavaScript, Geospatial Libraries, Data Processing, Interactive Maps","Develop a tool for visualizing geospatial data on interactive maps with features like filtering, clustering, and custom styling."
ORM Database Library,Medium,Database Tools,"Python, SQL Generation, Object Mapping, Query Building",Build an object-relational mapping library that simplifies database interactions by mapping database records to programming objects.
In-memory Database Implementation,Hard,Database Systems,"C++, Data Structures, Query Optimization, Concurrency Control","Implement an in-memory database with support for SQL queries, indexing, and ACID transaction properties."
PDF Generation Library,Medium,Document Processing,"Java, PDF Specification, Layout Engine, Font Rendering","Create a library for generating PDF documents with features like complex layouts, embedded fonts, and interactive elements."
WebGPU Graphics Engine,Hard,Computer Graphics,"JavaScript, WebGPU, Shader Language, Rendering Techniques",Develop a graphics engine using the WebGPU API with support for modern rendering techniques and efficient GPU utilization.
Embedded Real-time Operating System,Hard,Embedded Systems,"C, Task Scheduling, Memory Management, Interrupt Handling",Implement a small real-time operating system for microcontrollers with preemptive scheduling and deterministic behavior.
OAuth2 Client Library,Medium,Security,"TypeScript, HTTP Client, Token Management, Authorization Flows",Build a client library for OAuth2 authentication that simplifies the process of obtaining and using access tokens for API requests.
Kanban Board Application,Medium,Project Management,"React, Drag and Drop, State Management, User Authentication",Create a Kanban board application for project management with features like drag-and-drop task movement and team collaboration.
WebRTC Data Channel File Transfer,Medium,Web Development,"JavaScript, WebRTC, P2P Communication, Binary Data Handling",Develop a web application that enables direct peer-to-peer file transfers between browsers using WebRTC data channels.
SQL Query Optimizer,Hard,Database Systems,"C++, Query Planning, Cost Estimation, Execution Strategies",Build a SQL query optimizer that analyzes queries and determines efficient execution plans based on statistics and cost models.
WebXR 3D Educational Environment,Hard,Virtual Reality,"JavaScript, WebXR, 3D Modeling, Interactive Learning",Create an immersive 3D learning environment accessible through web browsers with educational content and interactive exercises.
Mesh Network Messaging App,Hard,Networking,"Flutter, Bluetooth, WiFi Direct, Message Routing",Develop a mobile messaging application that works without internet connectivity by forming mesh networks between nearby devices.
Audio Plugin Framework,Hard,Audio Engineering,"C++, Audio Processing, Plugin Standards, Digital Signal Processing",Build a framework for creating audio processing plugins compatible with major digital audio workstation software.
PostgreSQL Extension,Hard,Database Systems,"C, PostgreSQL API, Custom Functions, Data Types",Develop a custom extension for PostgreSQL that adds new functionality like specialized data types or performance optimizations.
Low-latency Trading System,Hard,Financial Technology,"C++, Network Programming, Order Matching, Risk Management",Create a trading system designed for low-latency execution of financial trades with order matching and risk management.
Programming Language Interpreter,Hard,Programming Languages,"Rust, Parsing, Abstract Syntax Tree, Bytecode Execution","Implement an interpreter for a small programming language with lexical analysis, parsing, and execution of the resulting AST."
Cross-platform UI Framework,Hard,UI Development,"C++, Graphics Rendering, Event Handling, Layout Engine",Build a lightweight UI framework that provides native-looking interfaces across different operating systems.
Self-balancing Binary Search Tree Implementation,Medium,Data Structures,"C++, Tree Algorithms, Rotation Operations, Performance Analysis",Create an implementation of a self-balancing binary search tree (like AVL or Red-Black) with visualization of tree operations.
Packet Filtering Firewall,Hard,Network Security,"C, Netfilter, Packet Analysis, Rule Processing",Develop a packet filtering firewall that can inspect network traffic and apply rules to allow or block communications.
Web-based Spreadsheet Application,Hard,Web Development,"JavaScript, Grid Management, Formula Evaluation, Data Persistence","Build a browser-based spreadsheet application with cell formulas, formatting options, and collaborative editing features."
HTTP Server From Scratch,Medium,Networking,"Go, HTTP Protocol, Socket Programming, Request Handling","Implement an HTTP server from scratch that handles requests, serves files, and supports basic routing and request methods."
Compiler for a Simple Language,Hard,Compiler Design,"C++, Lexical Analysis, Parsing, Code Generation",Create a compiler for a small programming language that generates machine code or bytecode for execution.
Terminal-based System Monitor,Medium,System Utilities,"C, Process Management, Performance Metrics, Terminal UI","Build a terminal-based system monitoring tool that displays real-time information about CPU, memory, disk, and network usage."
Machine Learning Feature Store,Hard,Machine Learning,"Python, Data Versioning, Metadata Management, API Design","Develop a feature store for machine learning that manages feature computation, storage, and versioning for model training and inference."
Vector Similarity Search Engine,Hard,Information Retrieval,"Python, Vector Embeddings, Indexing Structures, Search Algorithms",Create a search engine for finding similar vectors in high-dimensional spaces used in recommendation systems and natural language processing.
eBPF-based Performance Profiler,Hard,Systems Programming,"C, eBPF, Kernel Instrumentation, Performance Analysis",Build a performance profiling tool using eBPF technology to analyze application and system performance with minimal overhead.
Graph Algorithm Visualization,Medium,Educational Technology,"JavaScript, D3.js, Graph Theory, Interactive Visualization","Develop an interactive tool for visualizing graph algorithms like shortest path, minimum spanning tree, and graph traversals."
Deterministic Build System,Hard,Development Tools,"Python, Dependency Analysis, Caching, Parallel Execution",Create a build system that ensures reproducible builds by carefully managing dependencies and build environments.
Remote Code Execution Platform,Hard,Cloud Computing,"Docker, API Design, Code Isolation, Result Streaming",Build a platform that allows users to execute code snippets in sandboxed environments with proper isolation and resource limits.
Custom Database Index Implementation,Hard,Database Systems,"C++, Data Structures, Search Algorithms, Disk I/O Optimization","Implement specialized database index structures like B-trees, hash indexes, or inverted indexes for optimizing different query patterns."
Real-time Data Processing Pipeline,Hard,Big Data,"Python, Stream Processing, Data Transformation, Event Handling","Develop a system for processing and analyzing data streams in real-time with features like windowing, aggregation, and alerts."
SVG Animation Library,Medium,Web Development,"JavaScript, SVG, Animation Timing, Path Manipulation",Create a library for creating and controlling complex SVG animations with timeline controls and path morphing.
Automated UI Testing Framework,Medium,Quality Assurance,"TypeScript, DOM Traversal, Test Reporting, Visual Comparison",Build a framework for automating UI tests with capabilities for interacting with web pages and validating visual and functional behavior.
Voice Activity Detection System,Medium,Audio Processing,"Python, Signal Processing, Machine Learning, Real-time Analysis","Develop a system that can detect human speech in audio streams, distinguishing it from background noise and silence."
Custom Virtual Machine,Hard,Systems Programming,"C, Instruction Set Design, Memory Management, Bytecode Interpretation",Implement a virtual machine that executes custom bytecode instructions with its own memory model and execution environment.
Shader Programming Language,Hard,Computer Graphics,"C++, Parser Design, Code Generation, GPU Programming",Create a domain-specific language for writing graphics shaders with compilation to common shader formats like GLSL or HLSL.
Real-time Collaborative Whiteboard,Medium,Web Development,"JavaScript, Canvas API, WebSockets, Drawing Tools",Build an online collaborative whiteboard where multiple users can draw and edit together in real-time.
Memory Leak Detection Tool,Hard,Development Tools,"C++, Memory Tracing, Call Stack Analysis, Heap Profiling",Develop a tool that helps identify memory leaks in C++ programs by tracking allocations and detecting objects that aren't properly freed.
Blockchain Explorer,Medium,Blockchain,"JavaScript, Blockchain API, Transaction Analysis, Data Visualization","Create a web application for exploring blockchain data with transaction visualization, address lookups, and block navigation."
Real-time Face Recognition System,Hard,Computer Vision,"Python, OpenCV, Deep Learning, Video Processing",Build a system that can detect and recognize faces in video streams in real-time using deep learning techniques.
Cross-platform Audio Recorder,Medium,Multimedia,"C++, Audio Capture, File Formats, Signal Processing","Develop an audio recording application that supports multiple platforms, file formats, and basic audio processing features."
Code Complexity Analyzer,Medium,Development Tools,"Python, Abstract Syntax Tree, Metrics Calculation, Report Generation","Create a tool that analyzes source code for complexity metrics like cyclomatic complexity, cognitive complexity, and maintainability index."
JSON Schema Validator,Medium,Development Tools,"JavaScript, Schema Validation, Error Reporting, Document Traversal",Build a validator for JSON data based on JSON Schema definitions with detailed error reporting and custom validation rules.
Real-time Web Analytics Platform,Hard,Web Development,"JavaScript, Event Tracking, Data Processing, Visualization",Develop a platform for collecting and analyzing user interactions on websites with real-time dashboards and reporting features.
Embedded Machine Learning System,Hard,Embedded Systems,"C++, TensorFlow Lite, Sensor Data Processing, Model Optimization",Create a system that runs machine learning models on embedded devices for applications like gesture recognition or anomaly detection.
Database Connection Pooling Library,Medium,Database Tools,"Java, Connection Management, Thread Safety, Performance Optimization",Build a library that manages database connections efficiently through pooling to improve application performance under load.
YAML Parser and Generator,Medium,Development Tools,"Python, Parsing Algorithms, Data Serialization, Schema Validation","Implement a parser and generator for YAML documents with support for comments, references, and custom tags."
WebSocket Load Balancer,Hard,Networking,"Go, Load Distribution, Connection Management, Health Checking",Create a load balancer specifically designed for WebSocket connections that maintains connection persistence while distributing load.
UI Component Library,Medium,UI Development,"React, Design System, Accessibility, Theme Support","Develop a library of reusable UI components with consistent styling, accessibility features, and theming capabilities."
Custom DNS Resolver,Medium,Networking,"Rust, DNS Protocol, Cache Management, Recursive Resolution",Implement a DNS resolver that can perform recursive DNS lookups with caching and optional security features like DNSSEC validation.
Embedded Database System,Hard,Database Systems,"C, Storage Engine, Query Processing, Concurrency Control",Create a lightweight database system designed for embedded devices with limited resources while maintaining ACID properties.
Text Editor with Syntax Highlighting,Medium,Development Tools,"JavaScript, Text Rendering, Parsing, Theme System",Build a text editor with syntax highlighting for multiple programming languages and customizable themes.
Real-time Motion Tracking System,Hard,Computer Vision,"Python, OpenCV, Kalman Filtering, Object Tracking",Develop a system that can track moving objects in video streams with prediction of trajectories and handling of occlusions.
SSH Client Implementation,Hard,Networking,"Go, SSH Protocol, Cryptography, Terminal Emulation",Create an SSH client from scratch that implements the SSH protocol for secure remote shell access and file transfers.
Cryptocurrency Wallet,Hard,Blockchain,"JavaScript, Cryptography, Transaction Signing, Blockchain Interaction","Build a cryptocurrency wallet that can generate keys, sign transactions, and interact with blockchain networks."
Distributed Lock Service,Hard,Distributed Systems,"Go, Consensus Algorithm, Fault Tolerance, Client API",Implement a distributed lock service that provides consistent locking across multiple nodes with leader election and fault tolerance.
Graph Database Implementation,Hard,Database Systems,"Java, Graph Theory, Query Language, Storage Optimization",Create a database system optimized for storing and querying graph-structured data with support for traversals and pattern matching.
JIT Compiler,Hard,Programming Languages,"C++, LLVM, Code Generation, Optimization Passes",Build a just-in-time compiler that translates an intermediate representation to machine code with optimization techniques.
Container Runtime,Hard,Cloud Computing,"Go, Linux Namespaces, Cgroups, Image Management",Implement a container runtime that can run isolated processes using Linux containerization features.
WebRTC Signaling Server,Medium,Web Development,"Node.js, WebSockets, Session Management, NAT Traversal",Create a signaling server for WebRTC applications that facilitates peer discovery and connection establishment.
Metadata Extraction Tool,Medium,Data Processing,"Python, File Format Parsing, Metadata Standards, Batch Processing","Develop a tool that extracts metadata from various file types like images, documents, and media files with batch processing capabilities."
Time Series Database,Hard,Database Systems,"Rust, Data Compression, Indexing Strategies, Query Optimization",Build a database optimized for storing and querying time series data with efficient compression and fast range queries.
Cross-platform Game Input Library,Medium,Game Development,"C++, Input Device APIs, Event System, Controller Support","Create a library that provides a consistent API for handling input from keyboards, mice, and game controllers across different platforms."
Custom Shell Implementation,Medium,Systems Programming,"C, Command Parsing, Process Management, Pipeline Execution","Implement a Unix-like shell with features like command execution, pipelines, redirections, and basic scripting capabilities."
WebAuthn Authentication System,Hard,Security,"JavaScript, FIDO2, Cryptographic Attestation, User Management",Develop an authentication system using WebAuthn for passwordless authentication with security keys and biometrics.
Serverless Functions Framework,Medium,Cloud Computing,"JavaScript, Event Triggers, Service Integration, Deployment Pipeline",Build a framework for developing and deploying serverless functions with local development and testing capabilities.
Language Server Protocol Implementation,Hard,Development Tools,"TypeScript, LSP Specification, Static Analysis, Code Intelligence","Create a language server that provides IDE features like code completion, diagnostics, and refactoring for a programming language."
Declarative UI State Management Library,Medium,UI Development,"TypeScript, State Machine, Reactive Programming, Component Binding",Develop a library for managing UI state using a declarative approach with predictable state transitions and component updates.
Neural Network Framework from Scratch,Hard,Machine Learning,"Python, Numerical Computing, Automatic Differentiation, Optimization Algorithms","Implement a neural network framework from first principles with support for various layer types, optimizers, and training algorithms."
Distributed Consensus Algorithm Implementation,Hard,Distributed Systems,"Go, Consensus Protocols, State Replication, Fault Tolerance",Build an implementation of a distributed consensus algorithm like Raft or Paxos for maintaining consistent state across a cluster.
WebGL Physics Engine,Hard,Game Development,"JavaScript, WebGL, Collision Detection, Rigid Body Dynamics",Create a physics engine for web applications that simulates realistic physics with collision detection and response.
Data Pipeline Orchestration Tool,Hard,Data Engineering,"Python, Directed Acyclic Graphs, Scheduling, Dependency Management","Develop a tool for defining, scheduling, and monitoring data processing workflows with dependency management and failure handling."
Embedded JavaScript Engine,Hard,Embedded Systems,"C++, JavaScript VM, Resource Constraints, API Bindings",Implement a lightweight JavaScript engine designed for embedded systems with limited memory and processing power.
Version Control System for Databases,Hard,Database Tools,"Go, Schema Versioning, Migration Generation, State Comparison",Build a version control system specifically for database schemas with migration scripts and rollback capabilities.
Data Synchronization Protocol,Hard,Distributed Systems,"Protocol Design, Conflict Resolution, Bandwidth Optimization, Security",Create a protocol for efficiently synchronizing data between devices with conflict resolution and limited bandwidth usage.
Web API Testing Framework,Medium,Quality Assurance,"TypeScript, HTTP Clients, Assertion Library, Test Organization","Develop a framework specifically designed for testing web APIs with features for request setup, response validation, and test generation."
Cross-language RPC Framework,Hard,Distributed Systems,"Multiple Languages, Serialization, Service Discovery, Load Balancing",Build a remote procedure call framework that works across different programming languages with service discovery and load balancing.
Rust-based GUI Toolkit,Hard,UI Development,"Rust, GPU Acceleration, Layout Engine, Widget System","Create a GUI toolkit in Rust with hardware acceleration, responsive layouts, and a comprehensive widget system."
Data Integration Platform,Hard,Data Engineering,"Python, ETL Processes, Schema Mapping, Connection Management","Develop a platform for integrating data from various sources with transformation pipelines, quality checks, and destination mapping."
Software-defined Radio Application,Hard,Communications,"C++, Signal Processing, Radio Protocols, FFT Analysis","Build an application for software-defined radio hardware that can receive, analyze, and decode various radio protocols."
Backup and Versioning System,Medium,Data Management,"Go, Incremental Backup, Deduplication, Encryption","Create a backup system with file versioning, incremental updates, and efficient storage through deduplication and compression."
Terminal User Interface Framework,Medium,UI Development,"Rust, Terminal Graphics, Input Handling, Layout Management","Develop a framework for building rich terminal-based user interfaces with widgets, layouts, and event handling."
Redis Client Library,Medium,Database Tools,"Python, TCP Communication, Redis Protocol, Connection Pooling",Implement a client library for Redis that supports all major commands with connection pooling and pipeline operations.
Static Type Checker,Hard,Programming Languages,"TypeScript, Type Inference, Static Analysis, Error Reporting",Build a static type checker for a dynamically typed language that can infer types and report potential type errors.
Augmented Reality Navigation App,Hard,Mobile Development,"ARKit/ARCore, Geolocation, Path Finding, Spatial Mapping",Create a mobile application that overlays navigation instructions on the real world using augmented reality technology.
Game Emulator,Hard,Systems Programming,"C++, CPU Emulation, Memory Management, Graphics Rendering","Develop an emulator for a retro gaming system that accurately reproduces its CPU, graphics, and sound capabilities."
Media Streaming Server,Hard,Multimedia,"Rust, Streaming Protocols, Transcoding, Adaptive Bitrate",Build a server for streaming audio and video content with support for multiple formats and adaptive quality levels.
Automated API Documentation Generator,Medium,Development Tools,"TypeScript, AST Analysis, Template Rendering, Schema Generation",Create a tool that automatically generates comprehensive API documentation from source code with examples and type information.
AI-Powered Resume Scanner,Medium,Artificial Intelligence,"Python, NLP, Spacy, Flask",Build a tool that scans resumes and matches them to job descriptions using NLP.
Blockchain-Based Voting System,Hard,Blockchain,"Solidity, Ethereum, Web3.js","Create a secure, transparent voting system using blockchain technology."
AR Furniture Placement App,Medium,Augmented Reality,"Unity, ARKit, 3D Modeling",An app that lets users visualize furniture in their home via AR.
Automated GitHub Backup Tool,Easy,DevOps,"Python, GitHub API, Cron",A script that backs up all your GitHub repos daily.
Voice-Activated Smart Mirror,Medium,IoT,"Raspberry Pi, Voice Recognition, OpenCV","A mirror that displays weather, news, and responds to voice commands."
Real-Time Language Translation Earbuds,Hard,Embedded Systems,"C++, Bluetooth, NLP",Earbuds that translate spoken language in real time.
AI Music Composer,Medium,Artificial Intelligence,"Python, LSTM, MIDI",An AI that generates original music based on user preferences.
Fitness Pose Corrector,Medium,Computer Vision,"Python, OpenCV, TensorFlow",An app that analyzes workout poses and suggests corrections.
Smart Traffic Light System,Hard,IoT,"Computer Vision, Raspberry Pi",Traffic lights that adjust timing based on real-time traffic flow.
Predictive Text for Code Editors,Medium,Machine Learning,"Python, Transformers, VSCode API",An IDE plugin that suggests code completions using AI.
Drone Delivery Scheduler,Hard,Algorithms,"Python, Dijkstra's Algorithm",Optimize delivery routes for a fleet of drones.
AI-Based Fake News Detector,Medium,NLP,"Python, BERT, Flask",Classify news articles as reliable or fake using ML.
Personalized Podcast Recommender,Easy,Web Development,"JavaScript, Recommendation Algorithms",A web app that suggests podcasts based on listening history.
Automated Plant Watering System,Easy,IoT,"Arduino, Moisture Sensors",A system that waters plants when soil moisture is low.
3D-Printed Prosthetic Controller,Hard,Embedded Systems,"C++, 3D Printing, EMG Sensors",A prosthetic arm controlled by muscle signals.
AI-Powered Legal Document Analyzer,Hard,NLP,"Python, SpaCy, BERT",Extract key clauses from legal contracts using NLP.
Virtual Reality Meditation App,Medium,VR/AR,"Unity, Oculus SDK",A VR environment for guided meditation sessions.
Decentralized Social Media Platform,Hard,Blockchain,"IPFS, React, Solidity",A censorship-resistant social network on blockchain.
AI-Based Stock Photo Generator,Hard,Generative AI,"Python, GANs, Flask",Generate realistic stock photos from text descriptions.
Smart Parking Finder,Medium,IoT,"Computer Vision, Flask",A system that identifies empty parking spots using cameras.
Automated Interview Coach,Medium,AI,"Python, Speech Recognition, NLP",Analyzes mock interviews and gives feedback on answers.
AI-Powered Math Tutor,Medium,Education,"Python, SymPy, Speech Synthesis",A voice-activated tutor that solves and explains math problems.
Blockchain-Based Royalty Tracker,Hard,Blockchain,"Solidity, IPFS, React",Track and distribute royalties for artists automatically.
Voice-Controlled Home Security,Medium,IoT,"Raspberry Pi, Facial Recognition",A security system activated by voice commands.
AI-Generated Recipe Creator,Easy,NLP,"Python, GPT-3, Flask",Generate recipes based on available ingredients.
Augmented Reality Chess,Medium,Game Development,"Unity, ARCore, Multiplayer",Play chess with 3D pieces on a real table via AR.
Automated Essay Grader,Medium,Education,"Python, NLP, Gradio",Grade student essays using AI and provide feedback.
Smart Waste Sorting Bin,Hard,IoT,"Computer Vision, TensorFlow",A bin that sorts recyclables using image recognition.
AI-Powered Career Path Predictor,Medium,Machine Learning,"Python, Scikit-learn, Dash",Suggest career paths based on skills and interests.
Real-Time Sign Language Translator,Hard,Computer Vision,"Python, OpenCV, LSTM",Translate sign language to text/speech in real time.
Privacy-Focused Search Engine,Hard,Web Development,"Rust, Indexing, PageRank",A search engine that doesn’t track user data.
Automated Podcast Editor,Medium,Audio Processing,"Python, PyDub, NLP","Remove filler words (um, ah) from podcast audio."
AI-Based Fashion Recommender,Medium,Computer Vision,"Python, OpenCV, Recommender Systems",Suggest outfits based on user preferences/weather.
Smart Bike Lock,Medium,IoT,"Bluetooth, GPS, Arduino",A bike lock that tracks location and unlocks via phone.
VR-Based Fire Drill Simulator,Hard,Virtual Reality,"Unity, Oculus SDK",Train users in fire safety through VR simulations.
AI-Powered Code Review Assistant,Hard,DevOps,"Python, GPT-3, Git Hooks",Automatically suggest code improvements in PRs.
Decentralized File Storage,Hard,Blockchain,"IPFS, Ethereum, React",A Dropbox alternative using blockchain storage.
Automated Meeting Notes Generator,Medium,NLP,"Python, Speech-to-Text, GPT-3",Convert meeting audio into structured notes.
AI-Based Wildlife Tracker,Hard,Computer Vision,"Python, YOLO, Raspberry Pi",Identify and track animals in camera trap images.
Personalized Workout Generator,Easy,Mobile Development,"React Native, Fitness API",Create custom workouts based on user goals.
Smart Glasses for the Visually Impaired,Hard,Embedded Systems,"Python, OpenCV, Ultrasonic Sensors",Glasses that describe surroundings via audio.
AI-Powered Job Application Bot,Hard,Automation,"Python, Selenium, NLP",Automatically fill out job applications using AI.
Blockchain-Based Academic Credentials,Medium,Blockchain,"Solidity, React, IPFS",Store and verify diplomas/certificates on-chain.
Voice-Activated Coding Assistant,Hard,AI,"Python, GPT-3, VSCode API",Write code using natural language voice commands.
AR-Based Navigation for Blind Users,Hard,Augmented Reality,"Unity, ARKit, LiDAR",Navigate using AR audio cues for the visually impaired.
AI-Powered Mental Health Chatbot,Medium,NLP,"Python, GPT-3, Flask",A chatbot that provides mental health support.
Automated Expense Report Generator,Easy,Productivity,"Python, OCR, PDF Parsing",Scan receipts and generate expense reports.
Smart Restaurant Menu,Medium,IoT,"E-Ink Display, Raspberry Pi",A menu that updates prices/items in real time.
AI-Based Video Game Difficulty Adjuster,Medium,Game Development,"Python, Reinforcement Learning",Dynamically adjust game difficulty based on player skill.
Blockchain-Based Supply Chain Tracker,Hard,Blockchain,"Hyperledger, React, IoT",Track goods from manufacturer to consumer.
AI-Powered Voice Cloning,Hard,Generative AI,"Python, Tacotron, WaveNet",Clone a voice from short audio samples.
Automated Social Media Content Planner,Medium,Web Development,"Python, Selenium, GPT-3",Generate and schedule posts for social media.
Smart Luggage Tracker,Medium,IoT,"GPS, ESP32, Bluetooth",Track luggage location and weight via smartphone.
VR-Based Historical Tours,Medium,Virtual Reality,"Unity, 360° Video",Explore historical sites in VR with guided tours.
AI-Based Sports Highlight Generator,Hard,Computer Vision,"Python, OpenCV, LSTM",Auto-generate highlight reels from game footage.
Decentralized Crowdfunding Platform,Medium,Blockchain,"Solidity, React, Web3.js",A Kickstarter alternative on blockchain.
Automated Travel Itinerary Planner,Medium,AI,"Python, GPT-3, Google Maps API",Generate travel plans based on preferences.
AI-Powered Interview Question Generator,Medium,NLP,"Python, GPT-3, Flask",Create tailored interview questions for job roles.
Smart Baby Monitor,Hard,IoT,"Computer Vision, Audio Analysis","Detect crying, breathing, and sleep patterns."
AR-Based Math Learning App,Medium,Education,"Unity, ARCore",Solve math problems by interacting with 3D objects.
AI-Based Code Comment Generator,Medium,DevOps,"Python, GPT-3, Git Hooks",Auto-generate code comments for better documentation.
Blockchain-Based Digital Identity,Hard,Blockchain,"Zero-Knowledge Proofs, Solidity","Secure, self-sovereign identity management."
Voice-Controlled Smart Desk,Medium,IoT,"Raspberry Pi, Voice Recognition","Adjust desk height, lighting, etc., via voice."
AI-Powered Local News Aggregator,Easy,NLP,"Python, Scrapy, GPT-3",Summarize local news from multiple sources.
Automated Language Learning App,Medium,Education,"Python, Speech Recognition, Spaced Repetition",Personalized language lessons with pronunciation feedback.
Smart Irrigation System,Easy,IoT,"Arduino, Soil Sensors",Water crops based on soil moisture and weather.
VR-Based Public Speaking Trainer,Medium,Virtual Reality,"Unity, Oculus SDK",Practice speeches in virtual auditoriums.
AI-Based Legal Chatbot,Medium,NLP,"Python, BERT, Flask",Answer legal questions using case law databases.
Decentralized Ride-Sharing App,Hard,Blockchain,"Solidity, React, Geohashing",A Uber alternative with blockchain payments.
Automated Personal Finance Advisor,Medium,AI,"Python, Plaid API, Scikit-learn",Analyze spending and suggest budgets.
AI-Powered Meme Generator,Easy,Generative AI,"Python, GPT-3, ImageMagick",Create memes from text prompts automatically.
Smart Classroom Attendance System,Medium,IoT,"Facial Recognition, Raspberry Pi",Track attendance using face detection.
AR-Based Car Repair Assistant,Hard,Augmented Reality,"Unity, ARKit, 3D Models",Overlay repair instructions on real car engines.
AI-Based Code Plagiarism Detector,Hard,Machine Learning,"Python, AST Parsing, Similarity Analysis",Compare code submissions for plagiarism.
Blockchain-Based Carbon Credit Tracker,Medium,Blockchain,"Solidity, IoT, React",Track and trade carbon credits transparently.
Voice-Activated Study Assistant,Medium,Education,"Python, Speech Recognition, GPT-3",Answer questions and summarize study materials.
AI-Powered Fashion Design Tool,Hard,Generative AI,"Python, GANs, React",Generate clothing designs from sketches/text.
Automated Customer Support Bot,Medium,NLP,"Python, Rasa, Flask",Handle FAQs and route complex queries to humans.
Smart Pet Feeder,Easy,IoT,"Arduino, Weight Sensors",Schedule meals and monitor pet eating habits.
VR-Based Chemistry Lab,Hard,Education,"Unity, Molecular Dynamics",Simulate chemical reactions in VR safely.
AI-Based Resume Builder,Easy,Web Development,"React, GPT-3, PDF Generation",Create tailored resumes from user input.
Decentralized Content Monetization,Medium,Blockchain,"IPFS, Ethereum, React",Let creators earn directly from fans.
Automated Email Response System,Medium,NLP,"Python, GPT-3, IMAP",Draft email replies based on inbox context.
AI-Powered Music Mood Classifier,Medium,Audio Processing,"Python, Librosa, Scikit-learn","Categorize songs by mood (happy, sad, etc.)."
Smart Window Blinds,Medium,IoT,"Light Sensors, Arduino",Adjust blinds based on sunlight and temperature.
AR-Based Shopping Assistant,Hard,Augmented Reality,"Unity, ARCore, Product Recognition",Overlay product info when scanning items in stores.
AI-Based Sports Betting Predictor,Hard,Machine Learning,"Python, XGBoost, Sports API",Predict game outcomes using historical data.
Blockchain-Based Event Ticketing,Medium,Blockchain,"Solidity, QR Codes, React",Prevent ticket scalping with blockchain verification.
Voice-Controlled PowerPoint,Easy,Productivity,"Python, Speech Recognition, PPTX",Navigate slides and annotate using voice commands.
AI-Powered Book Summarizer,Medium,NLP,"Python, GPT-3, PDF Parsing",Generate summaries of books/articles.
Automated Garden Pest Detector,Medium,IoT,"Raspberry Pi, Computer Vision",Identify pests on plants using image recognition.
VR-Based Flight Simulator,Hard,Virtual Reality,"Unity, Flight Dynamics",A realistic flight simulator for training pilots.
AI-Based Code Vulnerability Scanner,Hard,Cybersecurity,"Python, Static Analysis, GPT-3",Detect security flaws in source code.
Decentralized Cloud Computing,Hard,Blockchain,"Ethereum, IPFS, Docker",Rent out unused computing power peer-to-peer.
Smart Coffee Maker,Easy,IoT,"ESP32, Mobile App",Brew coffee remotely via smartphone.
AR-Based Language Learning,Medium,Education,"Unity, ARKit, Speech Recognition",Learn vocabulary by interacting with AR objects.
AI-Powered Sales Email Generator,Medium,NLP,"Python, GPT-3, CRM Integration",Write personalized sales emails automatically.
Automated Journaling App,Easy,Mobile Development,"React Native, NLP, GPT-3",Turn voice notes into structured journal entries.
Blockchain-Based Medical Records,Hard,Healthcare,"Hyperledger, React, Encryption","Secure, patient-controlled health records."
AI-Based Video Interview Analyzer,Hard,Computer Vision,"Python, OpenCV, Emotion Detection",Assess candidate performance in video interviews.
Smart Mirror with Health Metrics,Medium,IoT,"Raspberry Pi, Facial Recognition","Display health stats (BMI, hydration) in a mirror."
VR-Based Architecture Walkthrough,Hard,Virtual Reality,"Unity, CAD Integration",Explore building designs in VR before construction.
AI-Powered Academic Paper Reviewer,Hard,NLP,"Python, BERT, PDF Extraction",Summarize and critique research papers.
Decentralized VPN,Hard,Cybersecurity,"Rust, Blockchain, Peer-to-Peer",A VPN that routes traffic through user nodes.
Voice-Activated Calculator,Easy,Education,"Python, Speech Recognition",Perform math operations via voice commands.
AI-Based Music Copyright Checker,Medium,Audio Processing,"Python, Librosa, Similarity Analysis",Detect plagiarism in music compositions.
Automated Plant Disease Detector,Medium,IoT,"Raspberry Pi, Computer Vision",Identify plant diseases from leaf images.
VR-Based Mindfulness Retreat,Medium,Virtual Reality,"Unity, Nature Sounds","Relax in virtual environments (forests, beaches)."
AI-Powered Grant Writing Assistant,Hard,NLP,"Python, GPT-3, PDF Generation",Help nonprofits draft funding proposals.
Blockchain-Based Notary Service,Medium,Blockchain,"Solidity, Document Hashing",Notarize documents on the blockchain.
Smart Water Quality Monitor,Hard,IoT,"Arduino, pH Sensors, LoRa",Track pollutants in rivers/lakes in real time.
AR-Based Museum Guide,Medium,Augmented Reality,"Unity, ARCore, Image Recognition",Overlay info on museum exhibits via phone camera.
AI-Based Stock Market Sentiment Analyzer,Hard,NLP,"Python, BERT, Twitter API",Predict stock trends from news/social media.
Decentralized Cloud Storage,Medium,Blockchain,"IPFS, Filecoin, React",Store files securely across peer nodes.
Automated LinkedIn Connection Request,Easy,Automation,"Python, Selenium, GPT-3",Send personalized connection requests.
AI-Powered Video Subtitler,Medium,Computer Vision,"Python, Speech-to-Text, FFmpeg",Auto-generate subtitles for videos.
Smart Doorbell with Facial Recognition,Medium,IoT,"Raspberry Pi, OpenCV",Identify visitors and notify homeowners.
VR-Based Team Building Exercises,Medium,Virtual Reality,"Unity, Multiplayer",Remote teams collaborate in VR environments.
AI-Based Patent Analyzer,Hard,NLP,"Python, BERT, PDF Mining",Search and summarize patent filings.
Blockchain-Based Micropayments,Medium,Blockchain,"Lightning Network, React","Enable tiny transactions (e.g., pay-per-article)."
Voice-Activated Home Inventory,Easy,IoT,"Python, Speech Recognition, SQLite",Track household items via voice commands.
AI-Powered Podcast Summarizer,Medium,NLP,"Python, Whisper, GPT-3",Convert podcast episodes into text summaries.
Automated Twitter Sentiment Analysis,Easy,Data Science,"Python, Tweepy, TextBlob",Analyze public opinion on trending topics.
Smart Bike Helmet,Hard,IoT,"Arduino, GPS, Crash Detection",Alert emergency contacts after accidents.
AR-Based Interior Design App,Medium,Augmented Reality,"Unity, ARKit, 3D Models",Visualize furniture/decor in your home.
AI-Based Medical Diagnosis Assistant,Hard,Healthcare,"Python, PubMed, GPT-3",Suggest diagnoses based on symptoms (non-clinical).
Decentralized Social Network,Hard,Blockchain,"IPFS, React, Web3.js",A Twitter alternative with user-owned data.
Automated Spreadsheet Generator,Easy,Productivity,"Python, Pandas, Excel API",Create reports from databases automatically.
AI-Powered Video Game NPCs,Hard,Game Development,"Python, GPT-3, Unity","NPCs with dynamic, AI-generated dialogue."
Smart Yoga Mat,Medium,IoT,"Pressure Sensors, Bluetooth",Track poses and suggest corrections.
VR-Based Astronomy Lessons,Medium,Education,"Unity, NASA API",Explore the solar system in VR.
AI-Based Resume ATS Optimizer,Medium,NLP,"Python, SpaCy, Job Descriptions",Improve resumes to pass applicant tracking systems.
Blockchain-Based Charity Donations,Medium,Blockchain,"Solidity, Transparency Dashboard",Track donations end-to-end on blockchain.
Voice-Activated Recipe Helper,Easy,IoT,"Python, Speech Recognition",Step-by-step cooking instructions via voice.
AI-Powered SEO Content Writer,Medium,NLP,"Python, GPT-3, Keyword Analysis",Generate SEO-optimized blog posts automatically.
Automated Campus Navigation,Medium,IoT,"Indoor Positioning, Flask",Guide students through buildings via smartphone.
Smart Fishing Buoy,Hard,IoT,"GPS, Fish Activity Sensors",Alert anglers to fish activity in real time.
AR-Based Math Tutoring,Medium,Education,"Unity, ARCore",Solve equations by manipulating 3D objects.
AI-Based Code Refactoring Tool,Hard,DevOps,"Python, AST Parsing, GPT-3",Suggest improvements to code structure.
Decentralized Energy Trading,Hard,Blockchain,"Solidity, Smart Meters, React",Trade solar energy between neighbors peer-to-peer.
Automated Job Salary Estimator,Medium,Data Science,"Python, Web Scraping, Regression",Predict salaries based on role/location.
AI-Powered Voice Modulation,Medium,Audio Processing,"Python, Librosa, Voice Cloning",Change voice characteristics in real time.
Smart Running Shoes,Hard,IoT,"Pressure Sensors, Bluetooth",Analyze gait and prevent injuries.
VR-Based Firefighting Training,Hard,Virtual Reality,"Unity, Physics Simulation",Train firefighters in virtual scenarios.
AI-Based Grant Eligibility Checker,Medium,NLP,"Python, GPT-3, Web Scraping",Match nonprofits to funding opportunities.
Blockchain-Based Academic Publishing,Medium,Blockchain,"IPFS, Peer Review DAO",Publish papers with transparent peer review.
Voice-Activated Personal Shopper,Medium,AI,"Python, GPT-3, E-commerce API",Suggest products based on voice queries.
AI-Powered Video Game Testing,Hard,Game Development,"Python, Reinforcement Learning",Automate gameplay testing for bugs/balance.
Smart Wheelchair,Hard,IoT,"LiDAR, Raspberry Pi",Navigate obstacles autonomously.
AR-Based Sports Coaching,Medium,Augmented Reality,"Unity, Pose Estimation",Overlay athlete performance metrics in real time.
AI-Based Court Case Predictor,Hard,NLP,"Python, BERT, Legal Corpus",Predict outcomes from historical case data.
Decentralized Domain Names,Hard,Blockchain,"ENS, Solidity, React",Own domain names without central registrars.
Automated Conference Scheduler,Medium,Algorithms,"Python, Constraint Programming",Optimize schedules for multi-track events.
AI-Powered Voice Assistant for Elderly,Medium,Healthcare,"Python, NLP, Fall Detection",Help seniors with reminders and emergency alerts.
Smart Basketball,Medium,IoT,"IMU Sensors, Bluetooth",Track shot accuracy and arc.
VR-Based Surgical Training,Hard,Virtual Reality,"Unity, Haptic Feedback",Practice surgeries in risk-free VR.
AI-Based Climate Change Predictor,Hard,Data Science,"Python, Climate Models, TensorFlow",Model local climate impacts from global data.
Blockchain-Based Land Registry,Hard,Blockchain,"Solidity, Geospatial Data",Prevent property fraud with immutable records.
Voice-Activated Coding Tutorials,Medium,Education,"Python, GPT-3, Speech Synthesis",Learn programming via interactive voice lessons.
AI-Powered Video Game Level Designer,Hard,Generative AI,"Python, GANs, Unity",Procedurally generate game levels.
Smart Tennis Racket,Hard,IoT,"Vibration Sensors, Swing Analysis",Improve serves and backhands with real-time feedback.
AR-Based Chemistry Experiments,Hard,Education,"Unity, Molecular Simulations",Conduct virtual chemistry experiments safely.
AI-Based Corporate Ethics Monitor,Hard,NLP,"Python, GPT-3, SEC Filings",Flag potential ethical violations in company reports.
Decentralized Credit Scoring,Hard,Blockchain,"Zero-Knowledge Proofs, DeFi",Calculate credit scores without exposing personal data.
Automated Legal Document Generator,Medium,NLP,"Python, GPT-3, Docx",Draft contracts/wills from templates.
AI-Powered Personalized News Anchor,Hard,Generative AI,"Python, WaveNet, GPT-3",Generate video news clips in your preferred style.
Smart Hiking Boots,Medium,IoT,"GPS, Pressure Sensors",Track hikes and alert to fatigue risks.
VR-Based Disaster Response Training,Hard,Virtual Reality,"Unity, Emergency Protocols",Train first responders for earthquakes/floods.
AI-Based Political Bias Detector,Medium,NLP,"Python, BERT, News API",Analyze news articles for political slant.
Blockchain-Based Art Provenance,Medium,Blockchain,"NFTs, React, Image Recognition",Verify authenticity of physical/digital art.
Voice-Activated Study Timer,Easy,Productivity,"Python, Pomodoro Technique",Set study intervals via voice commands.
AI-Powered Video Game Soundtrack,Medium,Generative AI,"Python, LSTM, MIDI",Generate dynamic music that adapts to gameplay.
Smart Skateboard,Hard,IoT,"Gyroscope, Bluetooth",Track tricks and suggest improvements.
AR-Based Anatomy Lessons,Hard,Education,"Unity, 3D Organ Models",Explore human anatomy in augmented reality.
AI-Based Scientific Hypothesis Generator,Hard,NLP,"Python, GPT-3, PubMed",Suggest research questions from existing literature.
Decentralized Insurance,Hard,Blockchain,"Solidity, Oracles, React",Peer-to-peer insurance with smart contracts.
Automated Travel Expense Tracker,Easy,Mobile Development,"React Native, OCR",Scan receipts and categorize travel costs.
AI-Powered Virtual Influencer,Hard,Generative AI,"Python, GANs, GPT-3",Create a social media persona with AI-generated content.
Smart Golf Club,Medium,IoT,"Swing Sensors, Haptic Feedback",Analyze golf swings and suggest adjustments.
VR-Based Space Exploration,Hard,Virtual Reality,"Unity, NASA API",Simulate walking on Mars or orbiting Jupiter.
AI-Based Music Video Generator,Hard,Generative AI,"Python, GANs, FFmpeg",Create music videos from audio tracks automatically.
Blockchain-Based Academic Peer Review,Medium,Blockchain,"IPFS, Reputation System","Transparent, incentivized peer review for papers."
Voice-Activated Language Exchange,Medium,Education,"Python, Speech Recognition, GPT-3",Practice conversations in foreign languages via AI.
AI-Powered Video Game NPC Relationships,Hard,Game Development,"Python, GPT-3, Unity",NPCs with evolving friendships/rivalries.
Smart Baseball Bat,Hard,IoT,"Vibration Sensors, Swing Analysis",Measure bat speed and contact quality.
AR-Based Geography Lessons,Medium,Education,"Unity, ARCore",Explore countries/landmarks in 3D via AR.
AI-Based Patent Infringement Detector,Hard,NLP,"Python, BERT, Legal Corpus",Identify potential patent violations in products.
Decentralized Freelance Platform,Hard,Blockchain,"Solidity, Escrow, React",Connect freelancers/clients without middlemen.
Automated Personal Stylist,Medium,AI,"Python, GPT-3, Fashion API",Recommend outfits based on wardrobe/occasion.
AI-Powered Interactive Storytelling,Hard,Generative AI,"Python, GPT-3, Twine",Generate choose-your-own-adventure stories dynamically.
Smart Ski Goggles,Hard,IoT,"Heads-Up Display, GPS",Show trail maps/speed while skiing.
VR-Based Language Immersion,Hard,Virtual Reality,"Unity, NLP","Practice languages in virtual scenarios (cafes, airports)."
AI-Based Academic Cheating Detector,Medium,NLP,"Python, BERT, Assignment Submissions",Flag suspicious similarities in student work.
Blockchain-Based Renewable Energy Credits,Hard,Blockchain,"Solidity, IoT, React",Trade solar/wind energy certificates transparently.
Voice-Activated Document Editor,Medium,Productivity,"Python, Speech Recognition, Docx",Edit Word/Google Docs via voice commands.
AI-Powered Video Game Quest Generator,Hard,Game Development,"Python, GPT-3, Unity",Create endless unique quests for RPGs.
Smart Football,Hard,IoT,"IMU Sensors, Spin Analysis",Track throw accuracy and spiral tightness.
AR-Based Engineering Diagrams,Hard,Education,"Unity, CAD Models",Overlay schematics on physical machines for repair.
AI-Based Clinical Trial Matching,Hard,Healthcare,"Python, BERT, Medical Ontologies",Match patients to trials based on health records.
Decentralized Data Marketplace,Hard,Blockchain,"Ocean Protocol, React",Buy/sell datasets without intermediaries.
Automated Garden Planner,Easy,IoT,"Python, Climate APIs",Suggest plants based on location/soil conditions.
AI-Powered Stand-up Comedy Writer,Medium,Generative AI,"Python, GPT-3, Joke Structures",Generate personalized comedy routines.
Smart Boxing Gloves,Medium,IoT,"Force Sensors, Punch Analysis","Track speed, power, and technique."
VR-Based Police Training,Hard,Virtual Reality,"Unity, De-escalation Scenarios",Train officers in high-stress situations safely.
AI-Based Literary Analysis Tool,Medium,NLP,"Python, GPT-3, Project Gutenberg",Analyze themes/writing style in classic books.
Blockchain-Based Digital Collectibles,Medium,Blockchain,"NFTs, Unity, React",Create/trade game items as blockchain assets.
Voice-Activated Meeting Transcripts,Easy,Productivity,"Python, Whisper, Google Meet API",Record and summarize meetings automatically.
AI-Powered Dungeon Master,Hard,Game Development,"Python, GPT-3, D&D Rules",Run tabletop RPG campaigns with AI-generated content.
Smart Archery Bow,Hard,IoT,"Strain Gauges, Release Analysis",Improve archery form with real-time feedback.
AR-Based Music Lessons,Medium,Education,"Unity, ARKit",Learn instruments by following AR guides.
AI-Based Grant Impact Predictor,Hard,NLP,"Python, GPT-3, Nonprofit Data",Estimate potential impact of funding proposals.
Decentralized Prediction Markets,Hard,Blockchain,"Solidity, Oracles, React",Bet on real-world events with crypto.
Automated Personal Shopper for Groceries,Medium,AI,"Python, GPT-3, Recipe APIs",Generate grocery lists from meal plans.
AI-Powered Comic Book Generator,Hard,Generative AI,"Python, GANs, GPT-3",Create comic strips from text prompts.
Smart Snowboard,Hard,IoT,"IMU Sensors, Jump Analysis",Track tricks and air time on slopes.
VR-Based History Reenactments,Hard,Virtual Reality,"Unity, Historical Research",Experience key historical events in VR.
AI-Based Scientific Paper Peer Review,Hard,NLP,"Python, BERT, ArXiv",Summarize and critique academic papers automatically.
Blockchain-Based Voting for Organizations,Medium,Blockchain,"Solidity, DAO Governance",Secure voting for corporate/shareholder decisions.
Voice-Activated Password Manager,Medium,Cybersecurity,"Python, Speech Recognition, Encryption",Retrieve passwords via voice authentication.
AI-Powered Video Game Lore Generator,Hard,Game Development,"Python, GPT-3, World Building",Create rich backstories for game worlds dynamically.
Smart Kayak Paddle,Medium,IoT,"Force Sensors, Stroke Analysis",Improve paddling technique with real-time data.
AR-Based Physics Experiments,Hard,Education,"Unity, Physics Engine",Simulate gravity/magnetism in AR.
AI-Based Medical Literature Summarizer,Hard,Healthcare,"Python, BERT, PubMed",Condense complex medical papers into plain language.
Decentralized Content Moderation,Hard,Blockchain,"IPFS, Reputation System",Community-governed moderation without central control.
Automated Sleep Coaching,Medium,IoT,"Python, Sleep Trackers, GPT-3",Analyze sleep patterns and suggest improvements.
AI-Powered Political Speech Generator,Hard,Generative AI,"Python, GPT-3, Speech Synthesis",Draft speeches tailored to audience demographics.
Smart Fishing Rod,Medium,IoT,"Tension Sensors, Cast Analysis",Track casting distance and fish activity.
VR-Based Marine Biology,Hard,Virtual Reality,"Unity, Ocean Ecosystems",Explore coral reefs/deep sea vents in VR.
AI-Based Legal Contract Summarizer,Hard,NLP,"Python, BERT, Clause Identification",Highlight key terms in lengthy contracts.
Blockchain-Based Luxury Goods Authentication,Medium,Blockchain,"NFTs, RFID, React",Verify authenticity of watches/handbags via blockchain.
Voice-Activated Investment Tracker,Medium,Finance,"Python, Plaid API, Speech Recognition",Check portfolio performance via voice queries.
AI-Powered Video Game Dialogue Generator,Hard,Game Development,"Python, GPT-3, Voice Synthesis",Create dynamic NPC conversations in real time.
Smart Climbing Harness,Hard,IoT,"Force Sensors, Fall Detection",Alert climbers to equipment wear/fatigue risks.
AR-Based Astronomy,Medium,Education,"Unity, Star Maps",Point phone at sky to identify constellations.
AI-Based Corporate Risk Analyzer,Hard,NLP,"Python, GPT-3, SEC Filings",Predict company risks from earnings reports/news.
Decentralized Music Royalties,Hard,Blockchain,"Solidity, Audio Fingerprinting",Distribute royalties automatically to artists.
Automated Journal Peer Review,Medium,NLP,"Python, BERT, Academic PDFs",Match papers to relevant reviewers.
AI-Powered Virtual Pet,Medium,Generative AI,"Python, GPT-3, Emotion Simulation",A digital pet that learns from user interactions.
Smart Lacrosse Stick,Medium,IoT,"Vibration Sensors, Shot Analysis",Improve shot accuracy and power.
VR-Based Archaeology,Hard,Virtual Reality,"Unity, 3D Scans",Excavate virtual dig sites with realistic tools.
AI-Based Earnings Call Analyzer,Hard,Finance,"Python, BERT, Sentiment Analysis",Extract insights from corporate earnings calls.
Blockchain-Based Academic Credential Verification,Medium,Blockchain,"Solidity, QR Codes",Instantly verify degrees/certificates.
Voice-Activated Fitness Coach,Medium,IoT,"Python, Speech Recognition, Exercise Library",Guide workouts via voice commands.
AI-Powered Video Game Enemy AI,Hard,Game Development,"Python, Reinforcement Learning, Unity",NPCs that adapt to player strategies.
Smart Swim Goggles,Hard,IoT,"Heads-Up Display, Lap Counting",Track swim metrics like stroke rate/distance.
AR-Based Poetry,Medium,Education,"Unity, NLP",Visualize poems as interactive AR experiences.
AI-Based Market Trend Predictor,Hard,Finance,"Python, GPT-3, Alternative Data",Forecast trends using unconventional data sources.
Decentralized Social Credit System,Hard,Blockchain,"Reputation Tokens, Zero-Knowledge Proofs",Track trustworthiness without centralized control.
Automated Conference Call Summarizer,Medium,NLP,"Python, Whisper, GPT-3",Generate meeting minutes from audio recordings.
AI-Powered Virtual Travel Guide,Medium,Generative AI,"Python, GPT-3, Google Street View",Answer questions about landmarks in real time.
Smart Hockey Stick,Hard,IoT,"Flex Sensors, Shot Analysis",Measure slap shot speed and accuracy.
VR-Based Political Debates,Hard,Virtual Reality,"Unity, Audience Reactions",Practice public speaking in virtual town halls.
AI-Based Financial Fraud Detector,Hard,Finance,"Python, Anomaly Detection, Transaction Data",Identify suspicious banking activity.
Blockchain-Based Digital Voting for Events,Medium,Blockchain,"Solidity, QR Codes",Conduct secure voting for awards/contests.
Voice-Activated Meditation Guide,Easy,Wellness,"Python, Speech Synthesis, Mindfulness",Lead guided meditations based on user mood.
AI-Powered Video Game Texture Generator,Hard,Game Development,"Python, GANs, Unity",Create high-resolution textures from prompts.
Smart Soccer Ball,Hard,IoT,"IMU Sensors, Kick Analysis","Track power, spin, and trajectory."
AR-Based Theater Performances,Medium,Entertainment,"Unity, ARCore",Overlay digital effects on live stage shows.
AI-Based Supply Chain Risk Analyzer,Hard,NLP,"Python, GPT-3, News API",Predict disruptions from global events.
Decentralized Academic Publishing,Hard,Blockchain,"IPFS, Peer Review Tokens",Publish papers without publisher paywalls.
Automated Legal Research Assistant,Hard,NLP,"Python, BERT, Case Law",Find relevant precedents for legal arguments.
AI-Powered Virtual Bartender,Medium,Generative AI,"Python, GPT-3, Cocktail Recipes",Suggest drinks based on available ingredients.
Smart Cricket Bat,Hard,IoT,"Vibration Sensors, Swing Analysis",Improve batting technique with real-time feedback.
VR-Based Military Training,Hard,Virtual Reality,"Unity, Tactical Simulations",Train soldiers in virtual combat scenarios.
AI-Based Political Campaign Optimizer,Hard,NLP,"Python, GPT-3, Voter Data",Suggest campaign strategies using demographic insights.
Blockchain-Based Academic Peer Review Rewards,Medium,Blockchain,"Reputation Tokens, IPFS",Incentivize quality peer reviews with crypto.
Voice-Activated Chess Coach,Medium,Education,"Python, Stockfish, Speech Recognition",Analyze chess games via voice interaction.
AI-Powered Video Game Weather System,Hard,Game Development,"Python, Fluid Dynamics, Unity",Simulate realistic weather affecting gameplay.
Smart Badminton Racket,Medium,IoT,"Swing Sensors, Shot Classification",Track smash power and drop shot accuracy.
AR-Based Art Installation,Medium,Creative Arts,"Unity, ARKit, Interactive Art",Create digital art that responds to viewer movement.
AI-Based Employee Attrition Predictor,Hard,HR Tech,"Python, Scikit-learn, Employee Surveys",Identify at-risk employees using ML.
Decentralized Cloud Gaming,Hard,Blockchain,"WebRTC, NFT Assets",Stream games peer-to-peer without servers.
Automated Scientific Figure Generator,Medium,Academic,"Python, Matplotlib, GPT-3",Create publication-ready charts from data.
AI-Powered Virtual Barista,Easy,Generative AI,"Python, GPT-3, Coffee Recipes",Recommend coffee drinks based on preferences.
Smart Ping Pong Paddle,Medium,IoT,"Spin Sensors, Stroke Analysis",Improve spin control and shot placement.
VR-Based Journalism,Medium,Media,"Unity, 360° Reporting",Experience news stories in immersive environments.
AI-Based Real Estate Pricing,Hard,Finance,"Python, Zillow API, Computer Vision",Estimate home values from photos/neighborhood data.
Blockchain-Based Fan Engagement,Medium,Entertainment,"NFTs, React, Voting",Reward superfans with exclusive content/voting rights.
Voice-Activated Math Tutor,Medium,Education,"Python, SymPy, Speech Recognition",Solve equations and explain steps via voice.
AI-Powered Video Game Physics,Hard,Game Development,"C++, Unity, Fluid Simulation",Realistic water/cloth physics for games.
Smart Jump Rope,Easy,IoT,"Rotation Counter, Bluetooth",Track jumps and calories burned.
AR-Based Fashion Try-On,Medium,E-commerce,"Unity, ARKit, Body Tracking",Virtually try clothes before buying.
AI-Based HR Resume Screening,Medium,Recruiting,"Python, BERT, Job Descriptions",Rank candidates based on role fit.
Decentralized Video Streaming,Hard,Blockchain,"IPFS, WebRTC, React",YouTube alternative with creator-owned content.
Automated Lab Notebook,Medium,Science,"Python, OCR, GPT-3",Convert handwritten notes to digital summaries.
AI-Powered Virtual Sommelier,Medium,Generative AI,"Python, GPT-3, Wine API",Recommend wine pairings for meals.
Smart Baseball,Hard,IoT,"Spin Sensors, Trajectory Analysis",Track pitch speed and break.
VR-Based Real Estate Tours,Medium,Property,"Unity, 3D Scans",Tour homes remotely in VR.
AI-Based Local Business Recommender,Medium,NLP,"Python, GPT-3, Yelp API",Suggest hidden gem restaurants/shops.
Blockchain-Based Academic Certificates,Medium,Education,"Solidity, QR Codes",Issue tamper-proof diplomas on blockchain.
Voice-Activated Coding Challenge,Medium,Education,"Python, LeetCode API, Speech Recognition",Practice coding problems via voice interaction.
AI-Powered Video Game Economy,Hard,Game Development,"Python, Reinforcement Learning",Balance in-game markets dynamically.
Smart Football Helmet,Hard,IoT,"Impact Sensors, Concussion Detection",Alert coaches to dangerous hits.
AR-Based Home Repair,Medium,DIY,"Unity, ARCore, 3D Models",Overlay repair instructions on appliances.
AI-Based Customer Churn Predictor,Medium,Business,"Python, Scikit-learn, CRM Data",Identify customers likely to cancel subscriptions.
Decentralized Podcast Platform,Medium,Blockchain,"IPFS, React, Micropayments",Host podcasts without middlemen taking cuts.
Automated Gardening Journal,Easy,IoT,"Python, Plant APIs, Image Recognition",Log plant growth with photos/notes.
AI-Powered Virtual Personal Trainer,Medium,Fitness,"Python, GPT-3, Exercise Library",Generate personalized workouts via chat.
Smart Volleyball,Medium,IoT,"Pressure Sensors, Serve Analysis",Track serve speed and accuracy.
VR-Based Medical Consultations,Hard,Healthcare,"Unity, Avatar Animation",Doctor-patient meetings in virtual clinics.
AI-Based Local News Generator,Medium,NLP,"Python, GPT-3, Government Data",Write hyperlocal news from public records.
Blockchain-Based Event Attendance,Medium,Ticketing,"NFT Tickets, React",Prove event attendance via blockchain.
Voice-Activated Language Tutor,Medium,Education,"Python, GPT-3, Speech Synthesis",Practice conversations in foreign languages.
AI-Powered Video Game Narrative,Hard,Game Development,"Python, GPT-3, Branching Dialogues",Generate dynamic storylines based on player choices.
Smart Wrestling Mat,Hard,IoT,"Pressure Sensors, Move Detection",Analyze wrestling techniques in real time.
AR-Based Public Transit,Medium,Navigation,"Unity, ARKit, GPS",Overlay bus/train schedules in real world.
AI-Based Restaurant Menu Pricing,Medium,Business,"Python, GPT-3, Ingredient Costs",Optimize dish prices based on expenses/demand.
Decentralized Academic Journal,Hard,Blockchain,"IPFS, DAO Governance",Scholarly publishing controlled by researchers.
Automated Bird Species Identifier,Medium,IoT,"Python, TensorFlow, Audio Processing",Recognize birds from photos/songs.
AI-Powered Virtual Therapist,Hard,Healthcare,"Python, GPT-3, CBT Techniques",Provide mental health support via chat.
Smart Gymnastics Mat,Hard,IoT,"Pressure Sensors, Pose Estimation",Score routines and suggest improvements.
VR-Based Chemistry Tutoring,Hard,Education,"Unity, Molecular Simulations",Visualize chemical reactions in 3D.
AI-Based Local Government Transparency,Hard,NLP,"Python, GPT-3, Public Records",Analyze municipal budgets/decisions.
Blockchain-Based Academic Peer Review DAO,Hard,Blockchain,"Reputation Tokens, IPFS",Decentralized peer review with crypto incentives.
Voice-Activated Debate Coach,Medium,Education,"Python, GPT-3, Speech Analysis",Provide feedback on argument structure/delivery.
AI-Powered Video Game Testing Automation,Hard,QA,"Python, Reinforcement Learning, Unity",Automate playtesting for bugs/balance issues.
Smart Fencing Sword,Hard,IoT,"Impact Sensors, Technique Analysis",Track thrusts/parries for training feedback.
AR-Based Industrial Training,Hard,Manufacturing,"Unity, ARKit, Equipment Manuals",Overlay repair guides on factory machines.
AI-Based Retail Inventory Predictor,Hard,Supply Chain,"Python, GPT-3, Sales Data",Forecast stock needs to prevent shortages.
Decentralized Music Collaboration,Medium,Blockchain,"IPFS, DAO, Audio Streaming",Artists co-create songs and split royalties.
Automated Political Fact-Checker,Hard,NLP,"Python, BERT, News API",Verify claims in speeches/debates automatically.
AI-Powered Virtual Interior Designer,Medium,Generative AI,"Python, GPT-3, 3D Modeling",Suggest room layouts/decor based on photos.
Smart Track Spike,Medium,IoT,"Force Sensors, Gait Analysis",Improve running form for sprinters.
VR-Based Dental Training,Hard,Healthcare,"Unity, Haptic Feedback",Practice procedures on virtual patients.
AI-Based Academic Plagiarism Detector,Medium,Education,"Python, BERT, Citation Analysis",Check papers for unattributed sources.
Blockchain-Based Carbon Footprint Tracking,Medium,Sustainability,"Solidity, IoT, React",Log personal carbon emissions on blockchain.
Voice-Activated Legal Research,Hard,NLP,"Python, BERT, Case Law",Search precedents via natural language queries.
AI-Powered Video Game Sound Effects,Hard,Audio,"Python, GANs, Foley Synthesis",Generate dynamic sound effects for games.
Smart Bowling Ball,Hard,IoT,"Spin Sensors, Trajectory Analysis",Track ball rotation and pin impact.
AR-Based Surgical Navigation,Hard,Healthcare,"Unity, ARKit, Medical Imaging",Overlay CT scans during operations.
AI-Based Local Crime Predictor,Hard,Public Safety,"Python, GPT-3, Police Reports",Identify high-risk areas/times for patrols.
Decentralized Freelance Dispute Resolution,Hard,Blockchain,"Arbitration DAO, Escrow",Resolve client/freelancer conflicts via voting.
Automated Poetry Generator,Easy,Creative,"Python, GPT-3, Rhyme Schemes",Compose poems in specified styles/themes.
AI-Powered Virtual Makeup Artist,Medium,Generative AI,"Python, GANs, Face Tracking",Try on digital makeup via webcam.
Smart Javelin,Hard,IoT,"IMU Sensors, Throw Analysis",Measure release angle and distance.
VR-Based Fire Evacuation Drills,Medium,Safety,"Unity, Building Layouts",Practice escaping virtual fire scenarios.
AI-Based Grant Proposal Reviewer,Hard,NLP,"Python, BERT, Funding Criteria",Score proposals based on grant requirements.
Blockchain-Based Academic Credit Transfer,Hard,Education,"Solidity, Credential NFTs",Securely transfer credits between universities.
Voice-Activated Scientific Calculator,Medium,Education,"Python, SymPy, Speech Recognition",Perform advanced math via voice commands.
AI-Powered Video Game Lighting,Hard,Graphics,"Python, Neural Rendering, Unity",Dynamically adjust lighting for mood/performance.
Smart Discus,Medium,IoT,"Spin Sensors, Release Analysis",Improve throwing technique for track athletes.
AR-Based Music Composition,Hard,Creative,"Unity, ARKit, MIDI",Arrange virtual instruments in physical space.
AI-Based Local Traffic Predictor,Hard,Transportation,"Python, GPT-3, Traffic Cameras",Forecast congestion using real-time data.
Decentralized Academic Textbook Sharing,Medium,Blockchain,"IPFS, Rental Smart Contracts",Rent textbooks peer-to-peer without publishers.
Automated Stand-up Comedy Routine,Medium,Generative AI,"Python, GPT-3, Joke Structure",Generate personalized comedy sets.
AI-Powered Virtual Tailor,Hard,Fashion,"Python, GANs, Body Scanning",Recommend clothing adjustments for better fit.
Smart Shot Put,Hard,IoT,"Force Sensors, Glide Analysis",Optimize technique for maximum distance.
VR-Based Scuba Training,Hard,Recreation,"Unity, Fluid Dynamics",Practice diving in virtual oceans.
AI-Based Political Bias Classifier,Medium,NLP,"Python, BERT, News Corpus",Label media outlets on political spectrum.
Blockchain-Based Artist Royalties,Medium,Music,"NFTs, Smart Contracts",Automatically split song royalties to collaborators.
Voice-Activated Stock Trader,Hard,Finance,"Python, Alpaca API, Speech Recognition",Execute trades via voice commands.
AI-Powered Video Game Texture Upscaling,Hard,Graphics,"Python, GANs, Unity",Enhance low-res textures automatically.
Smart Hammer Throw,Hard,IoT,Centripetal Force Sensors,Analyze rotation speed and release timing.
AR-Based Architectural History,Medium,Education,"Unity, ARKit, 3D Models",Visualize historical buildings in their original form.
AI-Based School Assignment Generator,Medium,Education,"Python, GPT-3, Curriculum Standards",Create homework tailored to class topics.
Decentralized Academic Data Sharing,Hard,Blockchain,"Solidity, Data DAO",Researchers share datasets with proper attribution.
Automated Rap Battle Generator,Medium,Generative AI,"Python, GPT-3, Rhyme Detection",Create AI vs. human rap battle lyrics.
AI-Powered Virtual Stylist for Men,Medium,Fashion,"Python, GPT-3, Outfit Generation",Suggest professional/casual looks for men.
Smart Pole Vault,Hard,IoT,"Flex Sensors, Approach Analysis",Optimize run-up and pole bend.
VR-Based Aviation Maintenance,Hard,Training,"Unity, Aircraft Manuals",Practice repairs on virtual jet engines.
AI-Based Local Election Predictor,Hard,Politics,"Python, GPT-3, Voting Patterns",Forecast municipal election outcomes.
Blockchain-Based Academic Peer Review Reputation,Hard,Education,"Reputation Tokens, IPFS",Track reviewer quality across journals.
Voice-Activated Research Paper Finder,Medium,Academic,"Python, Semantic Scholar API",Search papers via natural language queries.
AI-Powered Video Game Voice Acting,Hard,Audio,"Python, WaveNet, GPT-3",Generate NPC dialogue with emotional tone.
Smart Weightlifting Bar,Hard,IoT,"Strain Gauges, Lift Analysis",Track barbell path and stability.
AR-Based Musical Instrument Tutor,Medium,Education,"Unity, ARKit, Fingering Charts",Learn piano/guitar with AR finger positioning.
AI-Based Local Business Sentiment,Medium,NLP,"Python, BERT, Review Analysis",Track customer satisfaction for small businesses.
Decentralized Film Financing,Hard,Blockchain,"NFTs, Revenue Sharing",Fund indie films with tokenized investments.
Automated Science Fiction Writer,Medium,Creative,"Python, GPT-3, World Building",Generate short SF stories from prompts.
AI-Powered Virtual Stylist for Kids,Medium,Fashion,"Python, GPT-3, Outfit Generation","Suggest age-appropriate, weather-aware outfits."
Smart Archery Target,Hard,IoT,"Pressure Sensors, Impact Analysis",Score arrows automatically with precision.
VR-Based Wildfire Training,Hard,Emergency,"Unity, Fire Propagation Models",Train firefighters in virtual wildfire scenarios.
AI-Based Government Document Summarizer,Hard,NLP,"Python, BERT, PDF Extraction",Condense lengthy policy documents.
Blockchain-Based Academic Conference Voting,Medium,Education,"Solidity, DAO",Select conference papers via decentralized voting.
Voice-Activated Medical Dictionary,Medium,Healthcare,"Python, GPT-3, Medical Terms",Define conditions/treatments via voice queries.
AI-Powered Video Game Bug Detector,Hard,QA,"Python, Computer Vision, Unity",Automatically spot graphical/UI glitches.
Smart Rowing Oar,Hard,IoT,"Force Sensors, Stroke Analysis",Optimize crew rowing synchronization.
AR-Based Dance Choreography,Medium,Performing Arts,"Unity, ARKit, Motion Capture",Visualize dance moves in your living room.
AI-Based Local Zoning Analyzer,Hard,Urban Planning,"Python, GPT-3, GIS Data",Predict impacts of zoning changes.
Decentralized Academic Journal Club,Medium,Blockchain,"Discussion Tokens, IPFS",Incentivize quality paper discussions.
Automated Fantasy Football Analyst,Medium,Sports,"Python, GPT-3, Player Stats",Generate draft/trade recommendations.
AI-Powered Virtual Fashion Model,Hard,Generative AI,"Python, GANs, Pose Estimation",Show clothing on diverse body types digitally.
Smart Speed Bag,Medium,IoT,"Impact Sensors, Rhythm Analysis",Track boxing speed bag consistency.
VR-Based EMT Training,Hard,Healthcare,"Unity, Emergency Scenarios",Practice triage in virtual accidents/disasters.
AI-Based Legal Document Comparison,Hard,NLP,"Python, BERT, Clause Matching",Highlight differences between contract versions.
Blockchain-Based Research Funding DAO,Hard,Science,"Grant Tokens, IPFS",Decentralized allocation of research funds.
Voice-Activated Cooking Timer,Easy,Kitchen,"Python, Speech Recognition",Set multiple timers via voice for recipes.
AI-Powered Video Game Accessibility,Hard,Inclusion,"Python, Computer Vision, Unity",Auto-generate subtitles/audio descriptions.
Smart Punching Bag,Hard,IoT,"Force Sensors, Strike Analysis","Measure punch speed, power, and technique."
AR-Based Magic Tricks,Medium,Entertainment,"Unity, ARKit, Card Recognition",Learn sleight of hand with AR guidance.
AI-Based Local Pollution Predictor,Hard,Environment,"Python, GPT-3, Sensor Data",Forecast air/water quality using IoT inputs.
Decentralized Academic Annotation,Medium,Blockchain,"IPFS, Highlight NFTs",Annotate papers with tokenized commentary.
Automated Sports Commentary,Medium,Generative AI,"Python, GPT-3, Game Stats",Generate play-by-play narration from data.
AI-Powered Virtual Cosmetologist,Medium,Beauty,"Python, GANs, Skin Analysis",Recommend skincare routines via selfies.
Smart Tai Chi Sword,Medium,IoT,"Motion Sensors, Form Analysis",Correct martial arts techniques in real time.
VR-Based Truck Driving,Hard,Logistics,"Unity, Vehicle Physics",Practice maneuvering big rigs in VR.
AI-Based Corporate ESG Reporter,Hard,Sustainability,"Python, GPT-3, Financial Data",Generate environmental/social/governance reports.
Blockchain-Based Academic Citation Tracking,Hard,Education,"Citation Tokens, IPFS",Tokenize academic citations for attribution.
Voice-Activated Unit Converter,Easy,Productivity,"Python, Speech Recognition","Convert measurements via voice (miles to km, etc.)."
AI-Powered Video Game Localization,Hard,NLP,"Python, GPT-3, Unity",Auto-translate game text with cultural adaptation.
Smart Kendo Stick,Hard,IoT,"Impact Sensors, Strike Analysis",Track martial arts sparring techniques.
AR-Based Calligraphy,Medium,Creative,"Unity, ARKit, Stroke Recognition",Learn brush techniques with AR guidance.
AI-Based Local School District Analysis,Hard,Education,"Python, GPT-3, Test Scores",Identify equity gaps in student performance.
Decentralized Academic Peer Tutoring,Medium,Blockchain,"Tutoring Tokens, Video Chat",Students earn crypto for teaching classmates.
Automated Fantasy Novel Generator,Medium,Creative,"Python, GPT-3, World Building",Create original fantasy stories with coherent lore.
AI-Powered Virtual Hair Stylist,Medium,Beauty,"Python, GANs, Face Morphing",Try hairstyles/colors via webcam.
Smart Wushu Staff,Hard,IoT,"Motion Sensors, Form Analysis",Improve martial arts weapon techniques.
VR-Based Mining Safety,Hard,Industrial,"Unity, Hazard Simulations",Train miners for emergency scenarios.
AI-Based Government Policy Simulator,Hard,Politics,"Python, GPT-3, Economic Models",Predict outcomes of proposed policies.
Blockchain-Based Academic Micro-Credentials,Medium,Education,"Skill Tokens, IPFS",Issue verifiable badges for specific competencies.
Voice-Activated Spreadsheet Analysis,Medium,Productivity,"Python, Pandas, Speech Recognition",Query Excel data via natural language.
AI-Powered Video Game Difficulty Balancing,Hard,Algorithms,"Python, Reinforcement Learning",Adjust challenge based on player skill level.
Smart Escrima Sticks,Medium,IoT,"Impact Sensors, Rhythm Analysis",Track Filipino martial arts drills.
AR-Based Pottery,Medium,Creative,"Unity, ARKit, Hand Tracking",Shape virtual clay with hand movements.
AI-Based Local Library Recommender,Medium,Education,"Python, GPT-3, Reading History",Suggest books based on community borrowing trends.
Decentralized Academic Lab Notebook,Hard,Science,"IPFS, Timestamping",Immutable record of research experiments.
Automated Mystery Novel Generator,Medium,Creative,"Python, GPT-3, Plot Twists",Generate whodunits with clues/red herrings.
AI-Powered Virtual Nail Artist,Easy,Beauty,"Python, GANs, Nail Shapes",Preview polish colors/styles via AR.
Smart Capoeira,Hard,IoT,"Motion Sensors, Kick Analysis",Track Brazilian martial arts movements.
VR-Based Oil Rig Safety,Hard,Industrial,"Unity, Hazard Simulations",Train workers for offshore emergencies.
AI-Based Campaign Finance Analyzer,Hard,Politics,"Python, GPT-3, Donation Data",Visualize political donor networks/influence.
Blockchain-Based Academic Peer Mentoring,Medium,Education,"Reputation Tokens, IPFS",Connect students with mentors in their field.
Voice-Activated Language Flashcards,Easy,Education,"Python, GPT-3, Spaced Repetition",Practice vocabulary via voice interaction.
AI-Powered Video Game Physics Puzzles,Hard,Game Development,"Unity, Physics Engine",Generate dynamic puzzles using physics.
Smart Historical Fencing,Hard,IoT,"Motion Sensors, Technique Analysis",Reconstruct medieval combat techniques.
AR-Based Glassblowing,Medium,Creative,"Unity, ARKit, Heat Simulation",Learn glass art techniques safely.
AI-Based Local Park Usage Optimizer,Hard,Urban Planning,"Python, GPT-3, Foot Traffic Data",Suggest park improvements based on usage.
Decentralized Academic Study Groups,Medium,Education,"DAO, Video Chat",Coordinate group learning with shared incentives.
Automated Romance Novel Generator,Medium,Creative,"Python, GPT-3, Trope Analysis",Generate personalized romance stories.
AI-Powered Virtual Jewelry Try-On,Medium,E-commerce,"Python, GANs, Hand Tracking",Preview rings/bracelets via webcam.
Smart Parkour,Hard,IoT,"Motion Sensors, Jump Analysis",Track free-running techniques safely.
VR-Based Nuclear Plant Training,Hard,Industrial,"Unity, Reactor Simulations",Practice safety protocols in virtual plants.
AI-Based Lobbying Influence Tracker,Hard,Politics,"Python, GPT-3, Legislation Data",Map connections between lobbyists and bills.
Blockchain-Based Academic Debate Platform,Medium,Education,"Reputation Tokens, IPFS",Formalize scholarly arguments with incentives.
Voice-Activated Periodic Table,Easy,Science,"Python, Speech Recognition",Query element properties via voice.
AI-Powered Video Game Weapon Design,Hard,Game Development,"Python, GANs, Unity",Generate balanced fictional weapons.
Smart Traditional Archery,Hard,IoT,"Strain Gauges, Release Analysis",Reconstruct historical bow techniques.
AR-Based Blacksmithing,Medium,Creative,"Unity, ARKit, Metal Textures",Learn forging techniques via AR guidance.
AI-Based Local Noise Pollution,Hard,Urban Planning,"Python, GPT-3, Sound Sensor Data",Identify and mitigate noise hotspots.
